"Order ID,Order Date,Region,Category,Sub-Category,Product Name,Sales,Quantity,Discount,Profit"
"ORD-2025-10289,2025-12-02,West,Furniture ,Chairs,Ergonomic Mesh Chair,1298.71,10,0.15,-99.29"
"ORD-2024-10010,01-21-2024,central,Office Supplies ,Storage,Desktop Organizer Box,172.45,4,0.15,9.58"
"ORD-2024-10058,23/05/2024,CENTRAL,Technology,Accessories,Business Router Max,739.33,6,0.3,-9.55"
",,,,,,,,,"
"ORD-2024-10061,2024-05-30,WEST,Office Supplies,Paper,Gel Pens 12-Pack,$44.10,4,0.3,-7.14"
"ORD-2024-10026,05/03/2024,EAST,Furniture,Tables,Executive Leather Chair,""$1,034.93"",6,0.4,-418.13"
"ORD-2024-10064,06-05-2024,West,OFFICE SUPPLIES,Storage,Heavy Duty Binder,153.5,7,0.2,-1.67"
"ORD-2024-10093,2024-08-18,central,Technology,Accessories,Dual Screen Monitor,9796.31,10,0.05,2958.9"
"ORD-2025-10185,06/04/2025,South,Office Supplies,Appliances,Heavy Duty Binder,115.42,3,0.05,21.25"
"ORD-2025-10245,04/09/2025,East ,TECHNOLOGY,Accessories,Mechanical Keyboard,5316.3,9,0.05,1731.74"
"ORD-2024-10047,05-01-2024,South ,Office Supplies ,Storage,Copy Paper 500 Sheets,544.27,6,0.15,18.4"
"ORD-2024-10076,07-10-2024,WEST,Technology ,Accessories,Smartphone X1,1902.77,2,0.3,-68.97"
"ORD-2025-10164,07/02/2025,west,Technology,Machines,Mechanical Keyboard,118.88,1,0.4,-17.44"
"ORD-2025-10296,12-26-2025,WEST,TECHNOLOGY,Machines,Business Router Max,""$1,232.04"",3,0.2,156.9"
"ORD-2025-10159,2025-02-01,west,Technology,Accessories,Dual Screen Monitor,2378.28,5,0.4,-403.8"
"ORD-2025-10285,11-29-2025,West,Office Supplies ,Storage,Desktop Organizer Box,111.26,4,0.2,"
"ORD-2025-10290,03/12/2025,East ,technology,Machines,Smartphone X1,5147.99,9,0.15,942.99"
"ORD-2024-10006,14/01/2024,EAST,Office Supplies,Binders,Stapler Executive Pro,877.37,10,0.15,52.45"
"ORD-2025-10156,24/01/2025,SOUTH,OFFICE SUPPLIES,Storage,Heavy Duty Binder,12.8,1,0.15,0.54"
"ORD-2025-10165,02-10-2025,CENTRAL,Office Supplies ,Storage,Gel Pens 12-Pack,414.61,6,0.1,49.95"
"ORD-2025-10169,02-18-2025,WEST,FURNITURE,Bookcases,Wooden Bookcase 5-Shelf,1815.8,8,0.15,-131.9"
"ORD-2024-10074,08/07/2024,East ,Technology ,Accessories,HD Web Camera,950.21,2,0.4,-155.29"
"ORD-2024-10105,09-09-2024,east,TECHNOLOGY,Accessories,Workstation PC Pro,5037.37,6,0.15,970.77"
"ORD-2024-10138,12-11-2024,West,Office Supplies,Paper,Office Microwave,$264.06,5,0.4,-72.55"
"ORD-2025-10207,05-19-2025,East,Office Supplies ,Paper,Desktop Organizer Box,92.99,1,0.0,22.4"
"ORD-2024-10077,16/07/2024,West ,Office Supplies ,Appliances,File Folders 100-Pack,77.64,4,0.0,19.27"
"ORD-2025-10174,03-03-2025,WEST,Furniture,Furnishings,Ergonomic Mesh Chair,3619.51,9,0.2,-482.81"
"ORD-2024-10114,2024-09-30,East ,technology,Accessories,Mechanical Keyboard,991.59,3,0.15,156.74"
"ORD-2024-10034,08/04/2024,Central ,FURNITURE,Furnishings,Wooden Bookcase 5-Shelf,$899.36,4,0.0,105.88"
"ORD-2025-10275,2025-11-05,West ,FURNITURE,Chairs,Executive Leather Chair,4346.86,8,0.1,21.1"
"ORD-2025-10252,09-19-2025,Central ,Office Supplies ,Paper,Whiteboard Markers 8-Pack,481.68,10,0.4,-148.11"
"ORD-2024-10109,19/09/2024,East ,TECHNOLOGY,Accessories,Mechanical Keyboard,3049.78,6,0.4,-481.44"
"ORD-2024-10004,01-05-2024,WEST,Office Supplies ,Appliances,Office Microwave,117.61,1,0.05,22.4"
"ORD-2024-10083,2024-07-25,West ,OFFICE SUPPLIES,Paper,Copy Paper 500 Sheets,208.62,6,0.5,-88.95"
"ORD-2025-10260,10-04-2025,CENTRAL,Office Supplies ,Binders,File Folders 100-Pack,,4,0.0,14.73"
"ORD-2024-10094,08-18-2024,west,Office Supplies ,Pens & Art,Copy Paper 500 Sheets,216.12,4,0.4,-60.95"
"ORD-2024-10102,08-31-2024,West,Office Supplies ,Pens & Art,Whiteboard Markers 8-Pack,1071.34,10,0.15,43.27"
"ORD-2024-10046,29/04/2024,WEST,office supplies,Appliances,Copy Paper 500 Sheets,45.14,4,0.5,-19.61"
"ORD-2024-10018,02-10-2024,EAST,TECHNOLOGY,Machines,Mechanical Keyboard,1169.63,1,0.0,452.96"
"ORD-2025-10198,04-29-2025,south,TECHNOLOGY,Phones,Wireless Headset Pro,""$3,439.78"",6,0.05,1082.69"
"ORD-2024-10120,22/10/2024,East ,Technology,Accessories,Wireless Headset Pro,4636.67,7,0.1,1187.12"
"ORD-2024-10043,2024-04-22,WEST,Furniture,Chairs,Conference Table 8ft,1862.5,10,0.5,-1047.37"
"ORD-2024-10025,03/03/2024,West ,Office Supplies ,Pens & Art,Desktop Organizer Box,342.65,10,0.3,-46.75"
"ORD-2025-10180,03-31-2025,East,FURNITURE,Tables,Lounge Sofa Seat,$995.97,4,0.2,-165.36"
"ORD-2025-10243,09-01-2025,West,OFFICE SUPPLIES,Appliances,Desktop Organizer Box,79.52,1,0.4,-21.87"
"ORD-2025-10298,12-28-2025,South,Furniture,Bookcases,Lounge Sofa Seat,322.18,7,0.5,-179.36"
"ORD-2025-10197,2025-04-29,WEST,Office Supplies,Storage,Stapler Executive Pro,1148.96,8,0.0,268.45"
"ORD-2025-10227,07-17-2025,West ,OFFICE SUPPLIES,Binders,File Folders 100-Pack,160.38,6,0.0,40.12"
"ORD-2024-10008,2024-01-15,west,office supplies,Appliances,Stapler Executive Pro,183.78,2,0.0,47.13"
"ORD-2025-10287,2025-11-30,west,Technology ,Copiers,Laser Copier 3000,5039.2,10,0.5,-1568.52"
"ORD-2024-10078,19/07/2024,SOUTH,Office Supplies,Pens & Art,Stapler Executive Pro,$458.00,8,0.5,-195.99"
"ORD-2024-10115,03/10/2024,EAST,Furniture,Tables,Executive Leather Chair,$51.84,1,0.5,-29.2"
"ORD-2025-10240,2025-08-23,EAST,Office Supplies ,Pens & Art,Gel Pens 12-Pack,206.22,5,0.4,-56.47"
"ORD-2025-10146,11/01/2025,South ,OFFICE SUPPLIES,Appliances,File Folders 100-Pack,$420.72,8,0.5,-179.07"
"ORD-2024-10085,02/08/2024,WEST,Furniture,Furnishings,Lounge Sofa Seat,529.53,6,0.15,-38.32"
"ORD-2025-10182,04-03-2025,west,TECHNOLOGY,Machines,Wireless Headset Pro,10573.8,10,0.0,3827.96"
"ORD-2025-10231,19/07/2025,WEST,Office Supplies,Appliances,Whiteboard Markers 8-Pack,$489.92,10,0.05,86.14"
"ORD-2024-10014,02-02-2024,EAST,OFFICE SUPPLIES,Pens & Art,Whiteboard Markers 8-Pack,815.63,8,0.05,141.18"
"ORD-2025-10199,05-03-2025,South,Technology,Copiers,Wireless Headset Pro,4069.45,7,0.0,1622.64"
"ORD-2025-10196,2025-04-21,West,technology,Machines,Business Router Max,""$1,173.58"",2,0.2,125.66"
"ORD-2025-10211,2025-05-24,central,Technology,Copiers,Dual Screen Monitor,4061.81,5,0.15,"
"ORD-2025-10225,07-15-2025,east,TECHNOLOGY,Phones,Business Router Max,5722.65,9,0.0,2163.1"
"ORD-2025-10159,2025-02-01,west,Technology,Accessories,Dual Screen Monitor,2378.28,5,0.4,-403.8"
"ORD-2024-10127,11-21-2024,South ,OFFICE SUPPLIES,Storage,Desktop Organizer Box,45.54,3,0.15,2.34"
"ORD-2024-10110,2024-09-24,West,office supplies,Storage,Whiteboard Markers 8-Pack,1076.69,9,0.2,-27.92"
"ORD-2025-10248,11/09/2025,EAST,office supplies,Storage,Copy Paper 500 Sheets,583.17,6,0.05,97.97"
"ORD-2025-10235,07-27-2025,west,office supplies,Storage,Office Microwave,119.33,4,0.2,-0.25"
"ORD-2025-10203,2025-05-11,east,Office Supplies,Storage,Heavy Duty Binder,119.4,5,0.2,-3.1"
"ORD-2024-10079,07-19-2024,South,Office Supplies ,Appliances,File Folders 100-Pack,521.71,8,0.4,-156.32"
"ORD-2025-10148,14/01/2025,East,Furniture,Tables,Filing Cabinet 3-Drawer,""$1,410.15"",7,0.0,158.96"
"ORD-2024-10060,05-27-2024,west,Office Supplies ,Pens & Art,Gel Pens 12-Pack,$255.62,8,0.2,-7.1"
"ORD-2024-10119,20/10/2024,WEST,Technology,Phones,Laser Copier 3000,3258.22,10,0.15,524.27"
"ORD-2024-10007,01-15-2024,west,FURNITURE,Furnishings,Conference Table 8ft,5127.71,7,0.0,626.0"
",,,,,,,,,"
"ORD-2025-10183,04/04/2025,west,Office Supplies ,Storage,Gel Pens 12-Pack,1336.14,10,0.1,130.6"
"ORD-2024-10031,2024-03-28,East,Technology,Machines,Business Router Max,$489.90,2,0.3,-15.1"
"ORD-2024-10023,02-23-2024,Central,furniture,Bookcases,Executive Leather Chair,818.08,4,0.0,84.61"
"ORD-2025-10263,2025-10-09,West ,Office Supplies,Binders,Stapler Executive Pro,$210.29,6,0.3,-29.32"
"ORD-2024-10057,23/05/2024,West ,office supplies,Appliances,Whiteboard Markers 8-Pack,395.28,3,0.1,51.22"
"ORD-2025-10149,2025-01-19,central,office supplies,Pens & Art,Whiteboard Markers 8-Pack,94.45,3,0.4,-25.63"
"ORD-2024-10141,14/12/2024,East,Office Supplies,Binders,File Folders 100-Pack,205.52,3,0.4,-56.04"
"ORD-2025-10209,05-23-2025,WEST,Furniture,Chairs,Standing Desk Frame,""$1,138.32"",5,0.4,-476.87"
"ORD-2025-10278,11-12-2025,SOUTH,Office Supplies ,Appliances,Office Microwave,307.94,3,0.05,59.82"
"ORD-2025-10204,05-13-2025,EAST,Furniture ,Tables,Wooden Bookcase 5-Shelf,""$2,621.43"",7,0.0,277.02"
"ORD-2025-10145,2025-01-08,South,Office Supplies,Appliances,Office Microwave,426.11,5,0.15,25.99"
"ORD-2025-10168,2025-02-17,WEST,office supplies,Pens & Art,Desktop Organizer Box,288.79,9,0.2,-5.42"
"ORD-2024-10091,12/08/2024,WEST,Technology ,Machines,Mechanical Keyboard,10266.56,8,0.0,4003.56"
"ORD-2025-10224,14/07/2025,SOUTH,furniture,Furnishings,Lounge Sofa Seat,507.76,6,0.15,-50.49"
"ORD-2024-10067,2024-06-09,WEST,Office Supplies,Appliances,Gel Pens 12-Pack,100.13,2,0.2,-1.51"
"ORD-2024-10117,2024-10-09,East ,OFFICE SUPPLIES,Pens & Art,Stapler Executive Pro,25.74,1,0.15,1.68"
"ORD-2025-10173,02-25-2025,South,Office Supplies,Storage,Whiteboard Markers 8-Pack,602.82,6,0.0,154.92"
"ORD-2025-10251,2025-09-16,SOUTH,Furniture,Furnishings,Conference Table 8ft,1644.27,4,0.15,-160.52"
"ORD-2024-10020,2024-02-17,East ,OFFICE SUPPLIES,Storage,Desktop Organizer Box,111.93,2,0.15,6.85"
",,,,,,,,,"
"ORD-2025-10147,01-13-2025,South,Technology ,Copiers,Business Router Max,3391.79,6,0.1,896.22"
"ORD-2024-10080,07-20-2024,South,Office Supplies,Paper,Office Microwave,508.9,9,,-145.0"
"ORD-2025-10299,2025-12-30,west,Technology,Accessories,Dual Screen Monitor,953.14,1,0.0,353.86"
"ORD-2025-10288,2025-12-01,west,Furniture ,Tables,Wooden Bookcase 5-Shelf,1690.24,10,0.2,-230.38"
"ORD-2024-10073,06/07/2024,East,Technology ,Accessories,Mechanical Keyboard,1466.31,4,0.05,430.33"
"ORD-2024-10016,2024-02-05,EAST,Technology ,Accessories,HD Web Camera,245.45,1,0.0,89.86"
"ORD-2024-10011,01-22-2024,west,office supplies,Binders,Desktop Organizer Box,326.57,4,0.05,59.11"
"ORD-2025-10274,11-03-2025,CENTRAL,Furniture,Tables,Conference Table 8ft,$168.25,3,0.4,-70.55"
"ORD-2025-10239,08-15-2025,central,technology,Phones,Business Router Max,""$1,278.02"",4,0.4,-198.83"
"ORD-2024-10098,21/08/2024,West,TECHNOLOGY,Copiers,Wireless Headset Pro,12325.5,10,0.0,4608.36"
"ORD-2024-10069,06-15-2024,west,FURNITURE,Bookcases,Wooden Bookcase 5-Shelf,1494.25,7,0.05,85.35"
"ORD-2025-10241,08-30-2025,west,Office Supplies,Paper,Stapler Executive Pro,$634.62,10,0.4,-185.01"
"ORD-2024-10038,04-12-2024,east,Office Supplies ,Pens & Art,Office Microwave,305.26,9,0.4,-92.74"
"ORD-2024-10017,2024-02-06,South,Technology,Accessories,Business Router Max,3803.53,7,0.3,-80.5"
"ORD-2024-10056,05-18-2024,South ,office supplies,Binders,Stapler Executive Pro,$132.44,4,0.0,"
"ORD-2025-10155,22/01/2025,EAST,technology,Machines,Wireless Headset Pro,1138.07,2,0.4,-197.28"
"ORD-2025-10279,11-14-2025,West ,technology,Accessories,Wireless Headset Pro,3997.32,3,0.1,1025.77"
"ORD-2024-10068,06-10-2024,West ,furniture,Chairs,Executive Leather Chair,""$2,405.93"",7,0.2,-370.28"
"ORD-2024-10112,27/09/2024,West,OFFICE SUPPLIES,Storage,Copy Paper 500 Sheets,309.56,3,0.1,32.09"
"ORD-2024-10070,06-19-2024,WEST,Technology ,Copiers,Business Router Max,770.67,1,0.15,130.23"
"ORD-2024-10032,2024-04-01,west,technology,Machines,HD Web Camera,1321.29,1,0.0,478.87"
"ORD-2025-10184,05/04/2025,east,Office Supplies,Appliances,Gel Pens 12-Pack,238.4,4,0.2,-2.15"
"ORD-2025-10158,01-27-2025,west,FURNITURE,Chairs,Filing Cabinet 3-Drawer,1206.74,4,0.4,-486.9"
"ORD-2025-10238,2025-08-09,West,technology,Accessories,Laser Copier 3000,4036.17,10,0.05,1297.01"
"ORD-2024-10125,11/11/2024,west,Furniture,Bookcases,Executive Leather Chair,4455.52,8,0.0,568.06"
"ORD-2024-10019,02-10-2024,South,TECHNOLOGY,Copiers,Workstation PC Pro,1776.41,7,0.05,551.84"
"ORD-2025-10259,03/10/2025,east,Technology,Accessories,HD Web Camera,8966.94,8,0.05,2913.9"
"ORD-2024-10097,2024-08-20,CENTRAL,Furniture,Tables,Conference Table 8ft,1551.56,4,0.0,198.43"
"ORD-2024-10140,2024-12-13,South ,Office Supplies,Storage,Heavy Duty Binder,127.35,2,0.1,17.15"
"ORD-2024-10133,05/12/2024,east,TECHNOLOGY,Machines,Wireless Headset Pro,3603.66,7,0.2,370.61"
"ORD-2024-10087,05/08/2024,West,Furniture ,Furnishings,Standing Desk Frame,3556.22,7,0.05,235.14"
"ORD-2025-10261,2025-10-07,South ,Office Supplies,Binders,Stapler Executive Pro,709.82,9,0.3,-96.13"
"ORD-2025-10153,01-21-2025,Central ,Furniture ,Furnishings,Standing Desk Frame,1623.76,8,0.5,-931.33"
"ORD-2024-10126,11-13-2024,west,OFFICE SUPPLIES,Storage,Gel Pens 12-Pack,$574.78,9,0.1,69.49"
"ORD-2025-10262,08/10/2025,EAST,OFFICE SUPPLIES,Appliances,File Folders 100-Pack,128.72,4,0.15,5.38"
"ORD-2025-10205,17/05/2025,WEST,TECHNOLOGY,Phones,Wireless Headset Pro,3266.96,4,0.3,-92.15"
"ORD-2024-10093,2024-08-18,central,Technology,Accessories,Dual Screen Monitor,9796.31,10,0.05,2958.9"
"ORD-2025-10295,2025-12-25,West ,Technology,Phones,Mechanical Keyboard,2332.77,3,0.0,844.52"
"ORD-2025-10176,2025-03-14,south,Office Supplies ,Binders,Desktop Organizer Box,$12.74,1,0.15,0.86"
"ORD-2025-10194,19/04/2025,WEST,Office Supplies,Appliances,Whiteboard Markers 8-Pack,26.14,2,0.5,-10.88"
"ORD-2025-10219,2025-07-04,Central,furniture,Bookcases,Standing Desk Frame,1237.25,3,0.1,-38.22"
"ORD-2025-10293,12-11-2025,West ,OFFICE SUPPLIES,Appliances,Desktop Organizer Box,266.3,6,0.2,-0.26"
"ORD-2024-10130,12-03-2024,central,TECHNOLOGY,Copiers,Mechanical Keyboard,708.64,4,0.0,283.44"
"ORD-2024-10039,04-13-2024,South,OFFICE SUPPLIES,Storage,Gel Pens 12-Pack,582.8,10,0.5,-257.92"
"ORD-2025-10247,2025-09-06,West ,Office Supplies ,Pens & Art,Stapler Executive Pro,,2,0.2,-2.23"
"ORD-2025-10178,03-28-2025,East ,Furniture,Bookcases,Filing Cabinet 3-Drawer,809.38,3,0.3,-225.66"
"ORD-2025-10144,2025-01-07,East ,Office Supplies ,Paper,Copy Paper 500 Sheets,226.18,7,0.2,-0.59"
"ORD-2024-10113,27/09/2024,south,Furniture,Furnishings,Executive Leather Chair,""$3,494.37"",9,0.15,-221.12"
"ORD-2025-10177,17/03/2025,East,Office Supplies ,Binders,Copy Paper 500 Sheets,$306.35,9,0.05,54.54"
"ORD-2024-10118,15/10/2024,CENTRAL,Technology,Machines,Wireless Headset Pro,4255.52,7,0.4,-753.38"
"ORD-2025-10286,29/11/2025,West ,Office Supplies ,Appliances,Office Microwave,579.69,5,0.1,69.8"
"ORD-2025-10280,11-14-2025,West ,Office Supplies,Binders,Stapler Executive Pro,319.25,6,0.4,-88.7"
"ORD-2025-10246,09-04-2025,WEST,furniture,Chairs,Desk Lamp LED,3785.16,6,0.0,441.33"
"ORD-2025-10186,2025-04-06,East ,furniture,Tables,Conference Table 8ft,402.56,1,0.05,13.32"
"ORD-2025-10234,07-27-2025,SOUTH,OFFICE SUPPLIES,Appliances,Copy Paper 500 Sheets,283.71,7,0.5,-122.14"
"ORD-2024-10003,02/01/2024,South ,furniture,Tables,Ergonomic Mesh Chair,2342.65,9,0.3,-693.85"
"ORD-2024-10116,10-06-2024,central,Office Supplies,Paper,File Folders 100-Pack,$18.09,1,0.15,0.84"
"ORD-2025-10195,04-20-2025,West ,office supplies,Paper,Whiteboard Markers 8-Pack,208.85,4,0.3,-33.72"
"ORD-2025-10187,2025-04-08,west,Technology,Accessories,Workstation PC Pro,1041.05,5,0.0,380.06"
"ORD-2024-10121,24/10/2024,WEST,OFFICE SUPPLIES,Pens & Art,File Folders 100-Pack,$480.97,5,0.3,-78.29"
"ORD-2025-10223,07-10-2025,South ,OFFICE SUPPLIES,Storage,Office Microwave,225.18,6,0.5,-99.54"
"ORD-2025-10268,10-21-2025,CENTRAL,Furniture,Bookcases,Lounge Sofa Seat,428.48,6,0.3,-125.98"
"ORD-2024-10128,2024-11-26,West ,Technology,Copiers,HD Web Camera,""$1,227.48"",5,0.3,-8.95"
"ORD-2024-10075,07-08-2024,central,office supplies,Appliances,Gel Pens 12-Pack,373.88,7,0.4,-109.93"
"ORD-2024-10030,26/03/2024,south,technology,Accessories,Laser Copier 3000,5457.12,10,0.4,-929.24"
"ORD-2024-10084,2024-07-26,EAST,Office Supplies,Binders,Gel Pens 12-Pack,711.34,7,0.0,187.99"
"ORD-2025-10257,01/10/2025,West,Office Supplies,Storage,Office Microwave,691.56,6,0.0,168.6"
"ORD-2024-10108,2024-09-15,south,FURNITURE,Furnishings,Lounge Sofa Seat,836.96,2,0.15,-78.37"
"ORD-2025-10291,10/12/2025,west,OFFICE SUPPLIES,Storage,File Folders 100-Pack,$274.71,7,0.15,12.54"
"ORD-2025-10166,2025-02-10,West ,Furniture,Bookcases,Wooden Bookcase 5-Shelf,432.11,1,0.15,-30.66"
"ORD-2024-10134,12-05-2024,Central,Office Supplies,Binders,Desktop Organizer Box,314.7,8,0.15,16.99"
"ORD-2025-10283,2025-11-21,WEST,Technology,Copiers,Laser Copier 3000,11455.46,9,0.05,3702.53"
"ORD-2025-10229,07-18-2025,west,office supplies,Appliances,Desktop Organizer Box,218.89,5,0.3,-34.73"
"ORD-2024-10066,08/06/2024,East ,furniture,Tables,Executive Leather Chair,721.56,7,0.0,87.16"
"ORD-2025-10210,05-24-2025,South,Furniture ,Bookcases,Ergonomic Mesh Chair,""$1,946.70"",10,0.0,195.27"
"ORD-2024-10086,04/08/2024,South ,OFFICE SUPPLIES,Pens & Art,Gel Pens 12-Pack,$222.98,5,0.3,-34.69"
"ORD-2025-10226,07-16-2025,west,OFFICE SUPPLIES,Appliances,Gel Pens 12-Pack,226.84,8,0.5,-99.57"
"ORD-2025-10160,2025-02-04,WEST,FURNITURE,Chairs,Lounge Sofa Seat,5863.5,9,0.05,"
"ORD-2024-10013,2024-01-28,EAST,FURNITURE,Bookcases,Filing Cabinet 3-Drawer,$701.54,4,0.2,-113.3"
"ORD-2024-10036,08/04/2024,west,Technology,Accessories,Laser Copier 3000,5190.62,8,0.1,1347.41"
"ORD-2024-10029,03-21-2024,west,TECHNOLOGY,Phones,Workstation PC Pro,$953.70,4,0.15,175.73"
"ORD-2025-10171,2025-02-22,CENTRAL,Furniture,Tables,Filing Cabinet 3-Drawer,4197.46,9,0.2,-698.41"
"ORD-2025-10143,2025-01-01,CENTRAL,OFFICE SUPPLIES,Appliances,Desktop Organizer Box,260.95,10,0.5,-108.33"
"ORD-2025-10255,2025-09-29,west,technology,Accessories,Wireless Headset Pro,5247.42,6,0.0,2089.19"
"ORD-2024-10132,03/12/2024,west,Furniture,Furnishings,Executive Leather Chair,""$1,525.79"",10,0.3,-426.62"
"ORD-2025-10181,2025-03-31,Central,Office Supplies,Storage,Stapler Executive Pro,74.97,5,0.1,10.03"
"ORD-2024-10052,10/05/2024,West ,furniture,Furnishings,Executive Leather Chair,$733.36,6,0.05,42.52"
"ORD-2024-10096,2024-08-20,SOUTH,Office Supplies,Binders,Heavy Duty Binder,$785.26,10,0.3,-124.96"
"ORD-2025-10220,07-07-2025,South,furniture,Bookcases,Desk Lamp LED,510.66,3,,54.68"
"ORD-2025-10179,2025-03-30,East,Technology,Machines,Business Router Max,""$5,680.05"",5,0.0,2201.65"
"ORD-2025-10233,2025-07-25,south,Office Supplies ,Binders,Office Microwave,$407.44,6,0.05,77.13"
"ORD-2024-10042,2024-04-21,West ,FURNITURE,Chairs,Desk Lamp LED,""$3,262.05"",10,0.1,-38.63"
"ORD-2024-10090,12/08/2024,SOUTH,Furniture ,Bookcases,Desk Lamp LED,1329.05,6,0.3,-390.57"
"ORD-2025-10230,2025-07-19,East,FURNITURE,Bookcases,Ergonomic Mesh Chair,2942.4,6,0.0,333.04"
"ORD-2024-10137,2024-12-11,SOUTH,Office Supplies,Paper,Stapler Executive Pro,376.75,8,0.4,-105.34"
"ORD-2024-10027,2024-03-12,EAST,OFFICE SUPPLIES,Pens & Art,Copy Paper 500 Sheets,59.63,2,0.2,"
"ORD-2024-10137,2024-12-11,SOUTH,Office Supplies,Paper,Stapler Executive Pro,376.75,8,0.4,-105.34"
"ORD-2024-10142,12-24-2024,EAST,Office Supplies ,Storage,Office Microwave,267.36,8,0.4,-80.28"
"ORD-2025-10212,25/05/2025,WEST,Office Supplies ,Binders,File Folders 100-Pack,328.35,3,0.05,58.35"
"ORD-2024-10001,02/01/2024,east,furniture,Chairs,Ergonomic Mesh Chair,1676.2,4,0.1,-49.31"
"ORD-2025-10292,12-10-2025,west,furniture,Chairs,Wooden Bookcase 5-Shelf,""$1,851.55"",8,0.4,-799.57"
"ORD-2025-10281,14/11/2025,WEST,Furniture ,Tables,Conference Table 8ft,599.51,7,0.4,-251.18"
"ORD-2024-10101,08-30-2024,Central,technology,Machines,Laser Copier 3000,""$2,301.22"",5,0.5,-653.58"
"ORD-2025-10193,17/04/2025,East,office supplies,Appliances,Stapler Executive Pro,259.5,10,0.5,-112.42"
"ORD-2025-10266,16/10/2025,South ,Office Supplies,Paper,Office Microwave,72.53,2,0.2,-0.98"
"ORD-2024-10104,2024-09-08,west,office supplies,Appliances,Whiteboard Markers 8-Pack,$376.00,8,0.2,-12.31"
"ORD-2025-10172,2025-02-23,West,office supplies,Pens & Art,Heavy Duty Binder,58.63,2,0.4,-17.31"
"ORD-2024-10099,2024-08-28,west,Technology,Machines,Workstation PC Pro,1668.06,6,0.0,657.19"
"ORD-2024-10037,2024-04-09,East,Technology ,Phones,Laser Copier 3000,""$3,260.12"",7,0.15,634.29"
"ORD-2024-10062,31/05/2024,WEST,furniture,Chairs,Executive Leather Chair,2067.91,9,0.3,-574.51"
"ORD-2025-10151,2025-01-20,EAST,OFFICE SUPPLIES,Pens & Art,Heavy Duty Binder,594.98,7,0.05,98.47"
",,,,,,,,,"
"ORD-2025-10250,09-16-2025,Central,Furniture ,Chairs,Conference Table 8ft,341.54,4,0.05,18.6"
"ORD-2025-10214,05-25-2025,south,Office Supplies,Binders,Stapler Executive Pro,513.31,10,0.3,-75.26"
"ORD-2025-10256,2025-10-01,east,Office Supplies,Appliances,Heavy Duty Binder,423.6,8,0.0,108.2"
"ORD-2024-10012,2024-01-28,east,Office Supplies ,Storage,Gel Pens 12-Pack,76.78,1,0.1,9.82"
"ORD-2024-10140,2024-12-13,South ,Office Supplies,Storage,Heavy Duty Binder,127.35,2,0.1,17.15"
"ORD-2025-10201,2025-05-06,south,technology,Machines,Dual Screen Monitor,3118.92,6,0.5,-936.6"
"ORD-2025-10276,2025-11-07,central,Technology,Copiers,HD Web Camera,1080.57,3,0.0,408.54"
"ORD-2024-10028,21/03/2024,Central ,Technology ,Accessories,Dual Screen Monitor,141.8,1,0.1,32.29"
"ORD-2025-10232,2025-07-20,east,Office Supplies ,Appliances,Desktop Organizer Box,387.94,5,0.3,-65.89"
"ORD-2024-10005,2024-01-09,WEST,TECHNOLOGY,Copiers,Mechanical Keyboard,2349.42,6,0.0,854.51"
"ORD-2024-10123,04/11/2024,West ,office supplies,Binders,Desktop Organizer Box,409.32,9,0.0,96.71"
"ORD-2024-10033,2024-04-05,South ,Furniture,Bookcases,Conference Table 8ft,$418.60,4,0.5,-233.18"
"ORD-2025-10221,2025-07-09,CENTRAL,technology,Machines,HD Web Camera,5653.02,10,0.4,-863.53"
"ORD-2025-10163,02-06-2025,East ,Technology,Copiers,Mechanical Keyboard,5961.65,5,0.0,2379.4"
"ORD-2025-10222,09/07/2025,SOUTH,TECHNOLOGY,Copiers,Workstation PC Pro,$370.21,2,0.4,-60.09"
"ORD-2025-10267,20/10/2025,West ,Office Supplies,Storage,File Folders 100-Pack,634.14,7,0.05,120.54"
"ORD-2024-10139,11/12/2024,WEST,OFFICE SUPPLIES,Pens & Art,Copy Paper 500 Sheets,148.23,10,0.1,18.29"
"ORD-2024-10063,2024-06-01,EAST,Technology,Copiers,Smartphone X1,""$1,287.77"",5,0.05,406.58"
"ORD-2025-10216,2025-06-08,West ,furniture,Furnishings,Standing Desk Frame,283.1,2,0.1,-4.97"
"ORD-2024-10136,12-09-2024,SOUTH,Technology,Machines,Smartphone X1,4538.92,9,0.4,-741.98"
"ORD-2024-10129,2024-11-26,WEST,office supplies,Appliances,File Folders 100-Pack,726.9,10,0.0,193.05"
"ORD-2025-10300,12-30-2025,east,technology,Machines,Mechanical Keyboard,998.94,2,0.3,-39.6"
"ORD-2024-10009,2024-01-21,Central,Furniture ,Bookcases,Conference Table 8ft,734.68,2,0.3,-215.91"
"ORD-2024-10071,07-02-2024,south,Technology,Machines,Workstation PC Pro,""$4,595.33"",8,0.1,1127.91"
"ORD-2025-10273,2025-11-02,south,Office Supplies ,Binders,Desktop Organizer Box,382.14,7,0.2,-5.36"
"ORD-2024-10065,08/06/2024,West,Office Supplies ,Storage,Whiteboard Markers 8-Pack,$862.65,9,0.0,211.7"
"ORD-2024-10045,22/04/2024,west,Furniture ,Tables,Executive Leather Chair,794.4,2,0.0,94.0"
"ORD-2025-10249,09-15-2025,Central ,office supplies,Storage,File Folders 100-Pack,155.83,3,0.4,-45.51"
"ORD-2025-10157,26/01/2025,central,OFFICE SUPPLIES,Pens & Art,Desktop Organizer Box,$245.12,7,0.05,41.5"
"ORD-2024-10041,2024-04-16,West ,technology,Accessories,Smartphone X1,2752.19,2,0.05,812.56"
"ORD-2024-10124,09/11/2024,West,technology,Machines,HD Web Camera,""$7,427.64"",8,0.15,1179.55"
"ORD-2025-10284,22/11/2025,Central ,TECHNOLOGY,Accessories,Business Router Max,678.01,1,0.0,258.13"
"ORD-2025-10217,06-24-2025,Central,Furniture ,Furnishings,Conference Table 8ft,""$1,143.20"",5,,-184.21"
"ORD-2025-10154,22/01/2025,south,Technology ,Phones,Dual Screen Monitor,""$3,657.24"",5,0.1,932.12"
"ORD-2024-10024,02-28-2024,South ,OFFICE SUPPLIES,Pens & Art,Copy Paper 500 Sheets,""$1,005.31"",9,0.05,168.53"
"ORD-2025-10269,23/10/2025,West,Technology ,Phones,Wireless Headset Pro,5983.21,7,0.2,661.28"
"ORD-2024-10111,2024-09-26,WEST,furniture,Furnishings,Executive Leather Chair,1197.2,4,0.0,154.26"
"ORD-2024-10082,2024-07-24,WEST,TECHNOLOGY,Copiers,Wireless Headset Pro,1033.54,4,0.3,-17.82"
"ORD-2025-10237,31/07/2025,EAST,Office Supplies ,Binders,Heavy Duty Binder,$786.69,10,0.05,146.63"
"ORD-2025-10208,05-20-2025,East,Office Supplies ,Pens & Art,File Folders 100-Pack,456.84,7,0.15,16.5"
"ORD-2025-10213,25/05/2025,South,furniture,Tables,Standing Desk Frame,$82.24,1,0.3,-25.02"
"ORD-2024-10040,2024-04-15,west,FURNITURE,Bookcases,Ergonomic Mesh Chair,530.36,8,0.5,-285.45"
"ORD-2025-10254,24/09/2025,West ,Technology ,Copiers,Business Router Max,""$1,023.57"",6,0.1,253.67"
"ORD-2025-10286,29/11/2025,West ,Office Supplies ,Appliances,Office Microwave,579.69,5,0.1,69.8"
"ORD-2025-10270,2025-10-25,West ,Office Supplies ,Paper,Heavy Duty Binder,192.78,10,0.4,-59.49"
"ORD-2025-10200,04/05/2025,west,TECHNOLOGY,Copiers,Workstation PC Pro,2620.19,9,0.1,605.76"
"ORD-2024-10015,02-04-2024,west,technology,Accessories,Mechanical Keyboard,5723.0,7,0.3,-174.67"
"ORD-2024-10048,02/05/2024,south,Office Supplies ,Appliances,Office Microwave,695.52,9,0.0,178.55"
"ORD-2024-10095,2024-08-18,west,Office Supplies,Storage,Desktop Organizer Box,182.04,2,0.05,36.61"
"ORD-2025-10272,11-02-2025,West ,office supplies,Appliances,Heavy Duty Binder,612.48,8,0.2,-15.39"
"ORD-2025-10228,17/07/2025,south,Office Supplies,Paper,Heavy Duty Binder,178.8,8,0.4,-51.68"
"ORD-2025-10282,11-17-2025,West ,TECHNOLOGY,Machines,Wireless Headset Pro,2111.94,6,0.0,798.31"
"ORD-2025-10202,05-07-2025,central,Office Supplies ,Storage,Gel Pens 12-Pack,444.56,9,0.5,-197.36"
"ORD-2025-10162,02-06-2025,west,furniture,Bookcases,Desk Lamp LED,5996.72,8,0.0,656.57"
"ORD-2024-10044,04-22-2024,east,Technology ,Copiers,Dual Screen Monitor,4607.33,6,0.1,1085.6"
"ORD-2025-10218,06-30-2025,East ,FURNITURE,Tables,Conference Table 8ft,345.45,2,0.5,-191.59"
"ORD-2025-10191,04-17-2025,West,Office Supplies,Pens & Art,Whiteboard Markers 8-Pack,512.83,8,0.4,-157.47"
"ORD-2024-10106,09-10-2024,Central ,Office Supplies ,Storage,Heavy Duty Binder,267.32,4,0.0,64.06"
"ORD-2024-10054,2024-05-10,West ,FURNITURE,Chairs,Conference Table 8ft,1071.42,3,,-614.52"
"ORD-2024-10002,01-02-2024,east,TECHNOLOGY,Phones,Wireless Headset Pro,770.02,1,0.0,280.09"
"ORD-2024-10050,08/05/2024,west,Office Supplies ,Binders,Desktop Organizer Box,449.55,10,0.1,55.61"
"ORD-2024-10081,21/07/2024,West,Office Supplies ,Storage,File Folders 100-Pack,104.17,5,0.1,11.03"
"ORD-2025-10206,05-17-2025,West,Furniture,Bookcases,Wooden Bookcase 5-Shelf,2043.18,6,0.0,276.51"
"ORD-2024-10035,08/04/2024,South ,TECHNOLOGY,Phones,Smartphone X1,7512.75,9,0.0,2995.78"
"ORD-2025-10264,10-10-2025,west,OFFICE SUPPLIES,Pens & Art,Whiteboard Markers 8-Pack,$106.42,3,0.4,-30.04"
"ORD-2024-10092,14/08/2024,West,TECHNOLOGY,Phones,Workstation PC Pro,963.58,2,0.0,375.96"
"ORD-2024-10053,2024-05-10,West,Office Supplies ,Storage,Desktop Organizer Box,720.85,9,0.3,-109.98"
"ORD-2025-10265,13/10/2025,SOUTH,Office Supplies ,Storage,Office Microwave,686.91,7,0.0,169.82"
"ORD-2025-10242,2025-08-31,central,Technology,Copiers,Business Router Max,""$4,509.03"",7,0.05,1466.23"
"ORD-2024-10014,02-02-2024,EAST,OFFICE SUPPLIES,Pens & Art,Whiteboard Markers 8-Pack,815.63,8,0.05,141.18"
"ORD-2024-10089,08-12-2024,East ,technology,Machines,Laser Copier 3000,3180.57,3,0.0,1178.1"
"ORD-2025-10167,02-14-2025,Central,Furniture,Chairs,Standing Desk Frame,783.41,2,0.15,-70.06"
"ORD-2024-10015,02-04-2024,west,technology,Accessories,Mechanical Keyboard,5723.0,7,0.3,-174.67"
"ORD-2024-10135,2024-12-09,west,Technology ,Machines,Smartphone X1,4000.75,6,0.15,681.85"
"ORD-2025-10297,27/12/2025,West,Furniture,Bookcases,Desk Lamp LED,""$2,384.12"",8,0.5,-1326.35"
"ORD-2025-10244,02/09/2025,West ,office supplies,Appliances,Copy Paper 500 Sheets,992.88,9,0.0,239.68"
"ORD-2024-10055,14/05/2024,WEST,Office Supplies ,Storage,Desktop Organizer Box,$60.86,1,0.15,2.56"
"ORD-2024-10051,05-09-2024,Central,furniture,Tables,Executive Leather Chair,1714.05,5,0.0,177.73"
"ORD-2025-10175,11/03/2025,west,office supplies,Paper,Copy Paper 500 Sheets,$679.12,8,0.15,36.31"
"ORD-2025-10190,2025-04-16,WEST,TECHNOLOGY,Copiers,HD Web Camera,1031.88,1,0.0,412.69"
"ORD-2025-10174,03-03-2025,WEST,Furniture,Furnishings,Ergonomic Mesh Chair,3619.51,9,0.2,-482.81"
"ORD-2025-10188,2025-04-11,CENTRAL,Office Supplies ,Pens & Art,Copy Paper 500 Sheets,441.7,8,0.4,-123.18"
"ORD-2025-10170,02-19-2025,East,Technology,Copiers,Wireless Headset Pro,1219.33,2,0.05,393.44"
"ORD-2024-10059,2024-05-26,East ,Office Supplies ,Paper,Office Microwave,38.51,2,0.3,"
",,,,,,,,,"
"ORD-2024-10049,05-03-2024,WEST,Furniture,Bookcases,Conference Table 8ft,1811.26,3,0.15,-177.29"
"ORD-2025-10236,28/07/2025,south,OFFICE SUPPLIES,Pens & Art,Gel Pens 12-Pack,99.52,3,0.05,16.48"
"ORD-2025-10253,19/09/2025,Central,furniture,Furnishings,Ergonomic Mesh Chair,3677.58,10,0.1,-23.02"
"ORD-2024-10022,02-22-2024,CENTRAL,Office Supplies,Appliances,Heavy Duty Binder,607.04,8,0.0,142.34"
"ORD-2025-10161,2025-02-05,west,TECHNOLOGY,Copiers,Mechanical Keyboard,6105.35,7,0.15,1073.16"
"ORD-2025-10277,11-12-2025,south,Technology,Machines,Wireless Headset Pro,4804.99,6,0.2,568.82"
"ORD-2025-10192,2025-04-17,EAST,OFFICE SUPPLIES,Binders,Stapler Executive Pro,146.13,2,0.05,25.35"
"ORD-2025-10294,12-20-2025,EAST,Technology,Accessories,Workstation PC Pro,,2,0.2,110.15"
"ORD-2025-10258,2025-10-02,east,furniture,Chairs,Standing Desk Frame,$448.11,6,0.5,-251.59"
"ORD-2025-10150,19/01/2025,CENTRAL,Technology ,Accessories,Workstation PC Pro,8505.52,8,0.0,3240.93"
"ORD-2024-10131,12-03-2024,CENTRAL,office supplies,Storage,Heavy Duty Binder,169.09,3,0.4,-48.91"
"ORD-2025-10152,20/01/2025,west,Technology ,Copiers,Workstation PC Pro,7038.71,7,0.0,2773.75"
"ORD-2024-10100,08-29-2024,East,TECHNOLOGY,Machines,Wireless Headset Pro,2178.72,6,0.4,-330.53"
"ORD-2024-10088,2024-08-07,South,Office Supplies,Paper,Heavy Duty Binder,1097.6,10,0.0,256.13"
"ORD-2025-10215,06-04-2025,South,technology,Machines,Mechanical Keyboard,216.74,1,0.2,21.0"
"ORD-2024-10122,2024-10-30,west,FURNITURE,Chairs,Conference Table 8ft,""$2,577.35"",4,0.1,-62.92"
"ORD-2025-10180,03-31-2025,East,FURNITURE,Tables,Lounge Sofa Seat,$995.97,4,0.2,-165.36"
"ORD-2024-10021,02-22-2024,west,OFFICE SUPPLIES,Appliances,Gel Pens 12-Pack,50.28,3,0.5,-20.46"
"ORD-2025-10189,16/04/2025,CENTRAL,Furniture,Chairs,Lounge Sofa Seat,3420.0,10,0.0,441.49"
"ORD-2024-10072,07-05-2024,West ,office supplies,Paper,Copy Paper 500 Sheets,$412.16,10,0.2,-14.95"
"ORD-2024-10107,2024-09-10,West ,TECHNOLOGY,Machines,HD Web Camera,2198.81,4,0.4,-338.98"
"ORD-2025-10271,25/10/2025,west,OFFICE SUPPLIES,Binders,Gel Pens 12-Pack,573.84,6,0.2,-14.17"
"ORD-2024-10103,09-03-2024,West ,Office Supplies ,Paper,Copy Paper 500 Sheets,366.12,8,0.1,45.77"
